{
  "robots": [
    {
      "robot_hostname": "192.168.4.100",
      "radius": 0.05,
      "vel_max": 0.25,
      "acceleration_time": 2.0,
      "run_time": 20.0,
      "q_goal": [-1.570796, -0.785398, 0.0, -1.570796, 0.0, 3.141593, 0.785398],
      "k_gains": [600.0, 600.0, 600.0, 600.0, 250.0, 150.0, 50.0],
      "d_gains": [50.0, 50.0, 50.0, 50.0, 30.0, 25.0, 15.0],
      "roll": 0.523599,
      "pitch": 1.570796,
      "yaw": 1.047198
    }
  ]
}