{
  "robots": [
    {
      "robot_hostname": "192.168.4.100",
      "radius": 0.3,
      "vel_max": 0.3,
      "acceleration_time": 3.0,
      "run_time": 10.0,
      "q_goal": [-1.50823, -0.728551, -0.357912, -2.38886, 1.28131, 1.41547, 0.688422],
      "k_gains": [300.0, 300.0, 300.0, 300.0, 230.0, 130.0, 30.0],
      "d_gains": [30.0, 30.0, 30.0, 30.0, 30.0, 25.0, 15.0],
      "roll": 2.3,
      "pitch": 0.6,
      "yaw": 0.8,
      "dq_max": [0.8, 0.8, 0.8, 0.8, 0.8, 0.8, 0.8],
      "ddq_max_start": [0.5, 0.5, 0.5, 0.5, 0.5, 0.5, 0.5],
      "ddq_max_goal": [0.5, 0.5, 0.5, 0.5, 0.5, 0.5, 0.5],
      "initial_angle": 1.8
    },
    {
      "robot_hostname": "192.168.3.100",
      "radius": 0.3,
      "vel_max": 0.3,
      "acceleration_time": 3.0,
      "run_time": 10.0,
      "q_goal": [-2.4958, 0.693459, -2.88928, -2.16877, 0.590677, 2.11742, 1.08526],
      "k_gains": [300.0, 300.0, 300.0, 300.0, 230.0, 130.0, 30.0],
      "d_gains": [30.0, 30.0, 30.0, 30.0, 30.0, 25.0, 15.0],
      "roll": 2.3,
      "pitch": 0.6,
      "yaw": 0.8,
      "dq_max": [0.8, 0.8, 0.8, 0.8, 0.8, 0.8, 0.8],
      "ddq_max_start": [0.5, 0.5, 0.5, 0.5, 0.5, 0.5, 0.5],
      "ddq_max_goal": [0.5, 0.5, 0.5, 0.5, 0.5, 0.5, 0.5],
      "initial_angle": 1.8
    }
  ]
}
